{
	"format_version": "1.8.0",
	"animations": {
		"idle": {
			"loop": true,
			"animation_length": 18,
			"bones": {
				"ear_r": {
					"rotation": {
						"1.4583": {
							"vector": [0, 0, 0]
						},
						"1.5": {
							"vector": [18.08, -14.29, -4.61]
						},
						"1.7083": {
							"vector": [0, 0, 0]
						},
						"7.9583": {
							"vector": [0, 0, 0]
						},
						"8.0": {
							"vector": [18.08, -14.29, -4.61]
						},
						"8.2083": {
							"vector": [0, 0, 0]
						},
						"14.5833": {
							"vector": [0, 0, 0]
						},
						"14.625": {
							"vector": [18.08, -14.29, -4.61]
						},
						"14.8333": {
							"vector": [0, 0, 0]
						}
					}
				},
				"ear_l": {
					"rotation": {
						"0.0": {
							"vector": [0, 0, 0]
						},
						"3.25": {
							"vector": [0, 0, 0]
						},
						"3.2917": {
							"vector": [0, 0, 7.5]
						},
						"3.375": {
							"vector": [0, 0, 0]
						},
						"9.9167": {
							"vector": [0, 0, 0]
						},
						"9.9583": {
							"vector": [0, 0, 7.5]
						},
						"10.0417": {
							"vector": [0, 0, 0]
						},
						"15.5833": {
							"vector": [0, 0, 0]
						},
						"15.625": {
							"vector": [0, 0, 7.5]
						},
						"15.7083": {
							"vector": [0, 0, 0]
						}
					}
				},
				"hocico": {
					"position": {
						"0.0": {
							"vector": [0, 0, 0]
						},
						"0.0417": {
							"vector": [0, 0.2, 0]
						},
						"0.2917": {
							"vector": [0, 0, 0]
						},
						"0.3333": {
							"vector": [0, 0.2, 0]
						},
						"0.5833": {
							"vector": [0, 0, 0]
						},
						"5.7917": {
							"vector": [0, 0, 0]
						},
						"5.8333": {
							"vector": [0, 0.2, 0]
						},
						"6.0833": {
							"vector": [0, 0, 0]
						},
						"6.125": {
							"vector": [0, 0.2, 0]
						},
						"6.375": {
							"vector": [0, 0, 0]
						},
						"12.6667": {
							"vector": [0, 0, 0]
						},
						"12.7083": {
							"vector": [0, 0.2, 0]
						},
						"12.9583": {
							"vector": [0, 0, 0]
						},
						"13.0": {
							"vector": [0, 0.2, 0]
						},
						"13.25": {
							"vector": [0, 0, 0]
						}
					}
				},
				"tail": {
					"rotation": {
						"0.0": {
							"vector": [0, 0, 0]
						},
						"1.0": {
							"vector": [-10.15108, 9.84655, -1.75378]
						},
						"2.0": {
							"vector": [0, 0, 0]
						},
						"3.0": {
							"vector": [-10.08453, -7.38542, 1.30962]
						},
						"4.0": {
							"vector": [0, 0, 0]
						},
						"5.0": {
							"vector": [-10.15108, 9.84655, -1.75378]
						},
						"6.0": {
							"vector": [0, 0, 0]
						},
						"7.0": {
							"vector": [-10.15108, 9.84655, -1.75378]
						},
						"8.0": {
							"vector": [0, 0, 0]
						},
						"9.0": {
							"vector": [-10.15108, 9.84655, -1.75378]
						},
						"10.0": {
							"vector": [0, 0, 0]
						},
						"11.0": {
							"vector": [-10.15108, 9.84655, -1.75378]
						},
						"12.0": {
							"vector": [0, 0, 0]
						},
						"13.0": {
							"vector": [-10.15108, 9.84655, -1.75378]
						},
						"14.0": {
							"vector": [0, 0, 0]
						},
						"15.0": {
							"vector": [-10.15108, 9.84655, -1.75378]
						},
						"16.0": {
							"vector": [0, 0, 0]
						},
						"17.0": {
							"vector": [-10.15108, 9.84655, -1.75378]
						},
						"18.0": {
							"vector": [0, 0, 0]
						}
					}
				},
				"left_arm": {
					"rotation": {
						"0.0": {
							"vector": [-21.29873, 21.84173, 2.1388]
						},
						"6.0": {
							"vector": [-21.29873, 21.84173, 2.1388]
						},
						"6.25": {
							"vector": [-98.79873, 21.84173, 2.1388]
						},
						"7.75": {
							"vector": [-98.79873, 21.84173, 2.1388]
						},
						"8.0": {
							"vector": [-21.29873, 21.84173, 2.1388]
						}
					},
					"position": {
						"0.0": {
							"vector": [0, 0, -1]
						},
						"1.0": {
							"vector": [0, 0.3, -1]
						},
						"2.0": {
							"vector": [0, 0, -1]
						},
						"3.0": {
							"vector": [0, 0.3, -1]
						},
						"4.0": {
							"vector": [0, 0, -1]
						},
						"5.0": {
							"vector": [0, 0.3, -1]
						},
						"6.0": {
							"vector": [0, 0, -1]
						},
						"6.25": {
							"vector": [-1.4, 0, -2]
						},
						"6.5": {
							"vector": [-1.4, 0, -1.5]
						},
						"6.75": {
							"vector": [-1.4, 0, -2]
						},
						"7.0": {
							"vector": [-1.4, 0, -1.5]
						},
						"7.25": {
							"vector": [-1.4, 0, -2]
						},
						"7.5": {
							"vector": [-1.4, 0, -1.5]
						},
						"7.75": {
							"vector": [-1.4, 0, -2]
						},
						"8.0": {
							"vector": [0, 0, -1]
						},
						"9.0": {
							"vector": [0, 0.3, -1]
						},
						"10.0": {
							"vector": [0, 0, -1]
						},
						"11.0": {
							"vector": [0, 0.3, -1]
						},
						"12.0": {
							"vector": [0, 0.3, -1]
						},
						"13.0": {
							"vector": [0, 0, -1]
						},
						"14.0": {
							"vector": [0, 0.3, -1]
						},
						"15.0": {
							"vector": [0, 0.3, -1]
						},
						"16.0": {
							"vector": [0, 0, -1]
						},
						"17.0": {
							"vector": [0, 0.3, -1]
						},
						"18.0": {
							"vector": [0, 0, -1]
						}
					}
				},
				"right_arm": {
					"rotation": {
						"0.0": {
							"vector": [-23.9928, -21.91306, -1.13471]
						},
						"6.0": {
							"vector": [-23.9928, -21.91306, -1.13471]
						},
						"6.25": {
							"vector": [-98.9928, -21.91306, -1.13471]
						},
						"7.75": {
							"vector": [-98.9928, -21.91306, -1.13471]
						},
						"8.0": {
							"vector": [-23.9928, -21.91306, -1.13471]
						}
					},
					"position": {
						"0.0": {
							"vector": [0, 0, -1]
						},
						"1.0": {
							"vector": [0, 0.3, -1]
						},
						"2.0": {
							"vector": [0, 0, -1]
						},
						"3.0": {
							"vector": [0, 0.3, -1]
						},
						"4.0": {
							"vector": [0, 0, -1]
						},
						"5.0": {
							"vector": [0, 0.3, -1]
						},
						"6.0": {
							"vector": [0, 0, -1]
						},
						"6.25": {
							"vector": [1.4, 0, -1.5]
						},
						"6.5": {
							"vector": [1.4, 0, -2]
						},
						"6.75": {
							"vector": [1.4, 0, -1.5]
						},
						"7.0": {
							"vector": [1.4, 0, -2]
						},
						"7.25": {
							"vector": [1.4, 0, -1.5]
						},
						"7.5": {
							"vector": [1.4, 0, -2]
						},
						"7.75": {
							"vector": [1.4, 0, -1.5]
						},
						"8.0": {
							"vector": [0, 0, -1]
						},
						"9.0": {
							"vector": [0, 0.3, -1]
						},
						"10.0": {
							"vector": [0, 0, -1]
						},
						"11.0": {
							"vector": [0, 0.3, -1]
						},
						"12.0": {
							"vector": [0, 0.3, -1]
						},
						"13.0": {
							"vector": [0, 0, -1]
						},
						"14.0": {
							"vector": [0, 0.3, -1]
						},
						"15.0": {
							"vector": [0, 0.3, -1]
						},
						"16.0": {
							"vector": [0, 0, -1]
						},
						"17.0": {
							"vector": [0, 0.3, -1]
						},
						"18.0": {
							"vector": [0, 0, -1]
						}
					}
				}
			}
		}
	},
	"geckolib_format_version": 2
}